variable,auc_univariado,media_positivos,media_negativos,identica_al_target
ESTADO_FUENTE_C,1.0,1.0,0.0,True
ESTADO_FUENTE_A,0.9986,0.0,0.9972356252513068,False
BAN_RETENCION_ACTIVA,0.8848,0.15384615384615385,0.9233514274225975,False
TIPO_TV_DIGITAL_PI,0.7828,0.5673076923076923,0.0016586248492159229,False
VAL_EQUIP_ADIC,0.7668,1.3173076923076923,0.07750301568154402,False
VAL_RECLAMOS_MES,0.7445,2.25,0.9785886610373945,False
VAL_LLAM_ADTIVAS_NEGATIVAS,0.695,1.3653846153846154,0.3171491757137113,False
VAL_UW,0.6877,0.7788461538461539,0.03704262163248894,False
VAL_LLAM_ADTIVAS_NEUTRAS,0.6807,3.3653846153846154,0.9563731403297145,False
CANTIDAD_INTENCIONES,0.6783,2.269230769230769,1.5925311620426217,False
VELOCIDAD_INTERNET_MBPS,0.6768,404.4230769230769,514.3775130679534,False
MOTIVO_LLAM_CANCELA,0.6569,0.4230769230769231,0.1093687173301166,False
VAL_RENTA_ACTUAL,0.6539,110496.75961538461,96373.34057096904,False
BAN_INTENCION_CANCELACION,0.6513,0.5,0.1974768797748291,False
VAL_VAR_RENTA,0.6427,6.286442307692307,-2.5807197426618416,False
VAL_SUM_VAL_MINUTOS_VOZ,0.622,216.25,466.79875351829514,False
VAL_CAMPANA,0.6198,0.009615384615384616,0.2791013268998794,False
VAL_OFER_ANTERIORES,0.6191,0.9038461538461539,0.6655609167671894,False
VAL_SUM_VAL_SMS_ENVIADOS,0.6146,2.269230769230769,5.693506232408525,False
VAL_NUM_LINEAS_MASIVO,0.6109,0.6538461538461539,1.0134197828709288,False
VAL_SUM_VAL_USO_CAT_APPS_PREFERIDAS,0.6098,244.32692307692307,407.6384197828709,False
VAL_SUM_VAL_USO_REDES_SOCIALES,0.604,149.93269230769232,243.21607358262966,False
VAL_SUM_VAL_DATOS_MOVIL_MB,0.6028,7786.431634615384,13586.51550512666,False
MOTIVO_LLAM_NOV_ADMIN,0.5989,0.25961538461538464,0.061771210293526335,False
BAN_REINCIDENTE_60,0.5986,0.09615384615384616,0.29337555287494976,False
BAN_CAMPANA_ACTIVA,0.5929,0.0,0.18586650583031766,False
VAL_RENTA_BSC_IVA,0.5858,60507.778846153844,82424.9470747889,False
VAL_NUM_LINEAS_POSTPAGO,0.5808,0.47115384615384615,0.6685263369521511,False
ESTRATO,0.572,2.8653846153846154,2.639575794129473,False
CANT_SRV_ADIC,0.5703,5.528846153846154,5.191546039404906,False
VAL_NUM_LINEAS_5G,0.5684,0.21153846153846154,0.38650985122637715,False
VAL_SUM_BAN_5G,0.5684,0.21153846153846154,0.38650985122637715,False
ESTRATO_2,0.5659,0.28846153846153844,0.4201849618013671,False
BAN_REINCIDENTE_30,0.5622,0.0673076923076923,0.19164656212303982,False
VAL_NUM_LINEAS_4G,0.5529,0.4230769230769231,0.5620727784479292,False
VAL_RENTA_ADIC_IVA,0.5501,17735.33653846154,15783.668576598311,False
VAL_NUM_LINEAS_PREPAGO,0.5489,0.18269230769230768,0.377362283876156,False
BAN_WIN,0.539,0.2403846153846154,0.1622939284278247,False
VAL_LLAM_TEC_NEGATIVAS,0.5353,0.21153846153846154,0.4572778447929232,False
TIPO_TV_DIGITAL_BI,0.5336,0.0673076923076923,0.0002010454362685967,False
ESTRATO_3,0.5328,0.4423076923076923,0.37660836349014876,False
VAL_FRECUENCIA_COMPRA,0.5326,0.05105769230769231,0.07040259348612786,False
VAL_DIAS_PAGO,0.5322,13.85576923076923,10.203256936067552,False
VAL_RENTA_M6,0.5319,105277.18269230769,101228.7835243265,False
VAL_EQUIP_BAS,0.5311,2.826923076923077,2.7103437876960195,False
VAL_DECO_BAS,0.5306,1.8269230769230769,1.7123542420587052,False
ESTRATO_4,0.5305,0.18269230769230768,0.121632488942501,False
ANTIGUEDAD_MESES,0.5301,75.91346153846153,80.29377764374749,False
VAL_TICKETS_MES,0.5278,0.019230769230769232,0.10253317249698432,False
VAL_DOWNTIME,0.5278,318.6826923076923,460.0408624849216,False
CONVERGENTE_CEDULA_SI,0.5267,0.5384615384615384,0.5919280257338159,False
VAL_SUM_BAN_TECNICO_30,0.525,0.22115384615384615,0.3156413349416968,False
CLASIF_OKK_MEJORCOMP,0.525,0.5480769230769231,0.497989545637314,False
BAN_CAMPANA_RETENCION,0.5249,0.8269230769230769,0.7771411338962606,False
VAL_CAMPANA_RETENCION_36M,0.5249,0.8269230769230769,0.7771411338962606,False
BAN_CAZA_OFERTA,0.5243,0.0,0.048602734217933256,False
CANT_SRV_BSC,0.5234,4.009615384615385,3.9209388821873743,False
VAL_SRV_BSC,0.5223,3.0,2.9444611982308,False
TIPO_TV_DIGITAL_P,0.5192,0.3269230769230769,0.2884499396863691,False
BAN_OT_CERRADAS_DX,0.5191,0.019230769230769232,0.05744873341375151,False
BAN_NETFLIX,0.5154,0.057692307692307696,0.0885102533172497,False
BAN_VOZ,0.5154,1.0,0.9692903096099719,False
BAN_HBO,0.5152,0.21153846153846154,0.18119219943707277,False
MOTIVO_LLAM_NOV_TEC,0.5151,0.057692307692307696,0.08785685564937676,False
VAL_SCORE_CREDITICIO,0.5131,37538952.92307692,38111163.96941094,False
CLASIF_OKK_SOMOSMEJORES,0.512,0.009615384615384616,0.03357458785685565,False
BAN_TV,0.5112,1.0,0.9776839565741857,False
MOTIVO_LLAM_SOPORTE_TEC,0.51,0.0,0.02005428226779252,False
CLASIF_OKK_IGUALCONDICION,0.5089,0.11538461538461539,0.13314234016887816,False
TIPO_RED_BI,0.5086,0.7596153846153846,0.7424105347808605,False
TIPO_RED_FTT,0.5082,0.2403846153846154,0.25668476075593083,False
VAL_NUM_LINEAS_EMPRESARIAL,0.508,0.0,0.03241857659831122,False
MOTIVO_LLAM_INFO_GRAL,0.5077,0.08653846153846154,0.07106956172094893,False
BAN_PRIME,0.5071,0.009615384615384616,0.02372336147969441,False
VAL_DENSIDAD_ZONA,0.5063,158.52884615384616,159.54121431443505,False
ESTRATO_6,0.5059,0.028846153846153848,0.017139123441897868,False
BAN_MORA_30,0.5052,0.0,0.01040410132689988,False
VAL_SUM_BAN_DUAL_SIM,0.5042,0.057692307692307696,0.06262565339766787,False
TIPO_TV_DIGITAL_S,0.5041,0.028846153846153848,0.02060715721753116,False
BAN_T_RES_SALUD,0.504,0.0,0.008041817450743867,False
CLASIF_OKK_SOMOSUNICOS,0.5038,0.0,0.007689987937273824,False
BAN_COMPRA_SRV,0.5031,0.0,0.0061821471652593486,False
BAN_MULTI_PETS,0.5028,0.0,0.005579010856453559,False
CLASIF_OKK_ALTACOMP,0.5027,0.22115384615384615,0.21567149175713712,False
VAL_LLAM_TEC_NEUTRAS,0.5024,0.09615384615384616,0.10796139927623644,False
BAN_MULTI_HOGAR,0.5023,0.0,0.004624045034177724,False
ESTRATO_5,0.502,0.0,0.003970647366304785,False
BAN_TRES_MULTI,0.5016,0.057692307692307696,0.0609167671893848,False
VAL_SALDO_ACTUAL,0.5016,0.0,5288.559182247688,False
TIPO_TV_DIGITAL_A,0.5015,0.0,0.0029151588258946523,False
BAN_INTERNET,0.5013,1.0,0.9974869320466425,False
BAN_DISNEY,0.5013,0.0,0.002613590671491757,False
BAN_CAMPANA_CORRECTIVA,0.5013,0.0,0.002513067953357459,False
ESTRATO_1,0.5012,0.057692307692307696,0.060162846803377565,False
TIPO_CLIENTE_NUEVO,0.501,0.0,0.0019099316445516687,False
VAL_MODEM_BAS,0.501,1.0,0.9979392842782469,False
ESTADO_FUENTE_MAS,0.5008,0.0,0.0016586248492159229,False
ESTADO_FUENTE_MENOS,0.5006,0.0,0.0011057498994772818,False
BAN_TRASLADO,0.5006,0.009615384615384616,0.010906714917571371,False
MOTIVO_LLAM_OTRO,0.5004,0.009615384615384616,0.010504624045034178,False
TIPO_RED_DTH,0.5003,0.0,0.0005026135906714917,False
BAN_CAMPANA_VENTA,0.5002,0.14423076923076922,0.1438982710092481,False
TIPO_RED_OTRO,0.5002,0.0,0.0004020908725371934,False
ESTRATO_OTRO_NA,0.5002,0.0,0.00030156815440289503,False
SEGMENTO_PY,0.5001,0.0,0.00015078407720144752,False
SEGMENTO_RE,0.5001,1.0,0.9998492159227985,False
TIPO_TV_SATELITAL_A,0.5001,0.0,0.0002010454362685967,False
TIPO_TV_DIGITAL_NA,0.5001,0.0,0.00025130679533574585,False
BAN_DECO_ADI,0.5,1.0,0.9999497386409328,False
VAL_SUM_BAN_ROAMING,0.5,0.0,5.0261359067149175e-05,False
TIPO_TV_SATELITAL_B,0.5,0.0,5.0261359067149175e-05,False
TIPO_TV_DIGITAL_B,0.5,0.0,5.0261359067149175e-05,False
