variable,rank_intencion,rank_churn,tipo_palanca
SCORE_CREDITICIO_FIX,2.0,14.0,Estructural (ambos)
VAL_VAR_RENTA,3.0,10.0,Estructural (ambos)
ANTIGUEDAD_MESES,4.0,13.0,Estructural (ambos)
VAL_FRECUENCIA_COMPRA,6.0,17.0,Estructural (ambos)
VAL_RENTA_BSC_IVA,9.0,7.0,Estructural (ambos)
VAL_LLAM_ADTIVAS_NEGATIVAS,10.0,5.0,Estructural (ambos)
VELOCIDAD_INTERNET_MBPS,11.0,2.0,Estructural (ambos)
VAL_RECLAMOS_MES,12.0,1.0,Estructural (ambos)
VAL_RENTA_ADIC_IVA,15.0,15.0,Estructural (ambos)
VAL_RENTA_ACTUAL,18.0,4.0,Estructural (ambos)
VAL_LLAM_ADTIVAS_NEUTRAS,1.0,21.0,Negociación (solo intención)
BAN_CAZA_OFERTA,5.0,34.0,Negociación (solo intención)
VAL_RENTA_M6,7.0,24.0,Negociación (solo intención)
TIPO_TV_DIGITAL_P,8.0,55.0,Negociación (solo intención)
VAL_DECO_BAS,13.0,33.0,Negociación (solo intención)
MOTIVO_LLAM_INFO_GRAL,14.0,28.0,Negociación (solo intención)
VAL_EQUIP_BAS,16.0,22.0,Negociación (solo intención)
VAL_SUM_VAL_USO_REDES_SOCIALES,17.0,29.0,Negociación (solo intención)
BAN_HBO,19.0,32.0,Negociación (solo intención)
VAL_SUM_VAL_SMS_ENVIADOS,20.0,25.0,Negociación (solo intención)
VAL_SUM_VAL_MINUTOS_VOZ,21.0,6.0,Salida (solo churn)
VAL_DIAS_PAGO,23.0,20.0,Salida (solo churn)
VAL_DENSIDAD_ZONA,25.0,16.0,Salida (solo churn)
VAL_SUM_VAL_USO_CAT_APPS_PREFERIDAS,29.0,18.0,Salida (solo churn)
VAL_DOWNTIME,33.0,12.0,Salida (solo churn)
VAL_EQUIP_ADIC,63.0,9.0,Salida (solo churn)
BAN_INTENCION_CANCELACION,,3.0,Salida (solo churn)
BAN_REINCIDENTE_30,,19.0,Salida (solo churn)
BAN_REINCIDENTE_60,,11.0,Salida (solo churn)
CANTIDAD_INTENCIONES,,8.0,Salida (solo churn)
