decil,clientes,positivos,tasa,lift,captura_acumulada,lift_acumulado
1,2000,1344,0.672,3.3760361718161267,0.33760361718161264,3.3760361718161267
2,2000,716,0.358,1.798543079628234,0.5174579251444361,2.5872896257221805
3,2000,517,0.2585,1.298668676212007,0.6473247927656368,2.157749309218789
4,2000,388,0.194,0.9746294900778699,0.7447877417734238,1.8619693544335594
5,2000,331,0.1655,0.8314493845767396,0.8279326802310977,1.6558653604621953
6,2000,219,0.1095,0.5501130369253956,0.8829439839236373,1.4715733065393954
7,2000,184,0.092,0.4621954282843507,0.9291635267520724,1.327376466788675
8,2000,124,0.062,0.311479527756845,0.9603114795277569,1.200389349409696
9,2000,105,0.0525,0.26375282592313487,0.9866867621200703,1.096318624577856
10,2000,53,0.0265,0.13313237879929665,1.0,1.0
