motivo,submotivo,llamadas,pct
otro,no_identificado,85,28.2
precio_facturacion,incremento_tarifa,25,8.3
precio_facturacion,cobro_no_reconocido,19,6.3
atencion_servicio,no_identificado,16,5.3
servicios_no_usados,no_identificado,14,4.7
traslado_cobertura,cambio_domicilio,14,4.7
situacion_economica,no_identificado,11,3.7
falla_tecnica,visita_tecnica_fallida,11,3.7
precio_facturacion,factura_alta,11,3.7
falla_tecnica,intermitencia_caidas,9,3.0
competencia,no_identificado,9,3.0
precio_facturacion,fin_promocion_descuento,9,3.0
precio_facturacion,no_identificado,9,3.0
servicios_no_usados,tv_no_usada,9,3.0
situacion_economica,reduccion_gastos,8,2.7
traslado_cobertura,traslado_sin_cobertura,7,2.3
servicios_no_usados,adicionales_no_solicitados,6,2.0
falla_tecnica,sin_servicio,6,2.0
atencion_servicio,promesa_incumplida,5,1.7
competencia,oferta_competidor,5,1.7
falla_tecnica,no_identificado,3,1.0
atencion_servicio,reclamo_repetido,2,0.7
atencion_servicio,mala_atencion,2,0.7
traslado_cobertura,no_identificado,2,0.7
falla_tecnica,velocidad_baja,2,0.7
competencia,portabilidad,1,0.3
servicios_no_usados,decodificadores_equipos,1,0.3
