variable,dtype,n_unicos,pct_nulos,constante,min,p01,mediana,p99,max,n_negativos,pct_ceros
CLUSTER_ID,int64,1,0.0,True,3.0,3.0,3.0,3.0,3.0,0,0.0
PERIODO,int64,1,0.0,True,202508.0,202508.0,202508.0,202508.0,202508.0,0,0.0
ESTRATO,object,7,0.0,False,1.0,1.0,3.0,6.0,6.0,0,0.0
ANTIGUEDAD_MESES,int64,280,0.0,False,0.0,4.0,62.0,220.0,423.0,0,0.03
BAN_TV,int64,2,0.0,False,0.0,0.0,1.0,1.0,1.0,0,2.22
BAN_INTERNET,int64,2,0.0,False,0.0,1.0,1.0,1.0,1.0,0,0.25
BAN_VOZ,int64,2,0.0,False,0.0,0.0,1.0,1.0,1.0,0,3.06
VELOCIDAD_INTERNET_MBPS,int64,36,0.0,False,0.0,49.90000000000009,500.0,900.0,1000.0,0,0.25
VAL_SRV_BSC,int64,3,0.0,False,1.0,1.0,3.0,3.0,3.0,0,0.0
CANT_SRV_BSC,float64,5,0.01,False,1.0,1.0,4.0,4.0,5.0,0,0.0
CANT_SRV_ADIC,float64,19,0.01,False,0.0,2.0,5.0,10.0,19.0,0,0.01
BAN_T_RES_SALUD,int64,2,0.0,False,0.0,0.0,0.0,0.0,1.0,0,99.2
BAN_TRES_MULTI,int64,2,0.0,False,0.0,0.0,0.0,1.0,1.0,0,93.91
BAN_MULTI_PETS,int64,2,0.0,False,0.0,0.0,0.0,0.0,1.0,0,99.44
BAN_MULTI_HOGAR,int64,2,0.0,False,0.0,0.0,0.0,0.0,1.0,0,99.54
BAN_NETFLIX,int64,2,0.0,False,0.0,0.0,0.0,1.0,1.0,0,91.16
BAN_DISNEY,int64,2,0.0,False,0.0,0.0,0.0,0.0,1.0,0,99.74
BAN_PRIME,int64,2,0.0,False,0.0,0.0,0.0,1.0,1.0,0,97.64
BAN_WIN,int64,2,0.0,False,0.0,0.0,0.0,1.0,1.0,0,83.73
BAN_HBO,int64,2,0.0,False,0.0,0.0,0.0,1.0,1.0,0,81.86
BAN_DECO_ADI,int64,2,0.0,False,0.0,1.0,1.0,1.0,1.0,0,0.01
VAL_EQUIP_BAS,float64,4,0.01,False,0.0,1.0,3.0,3.0,3.0,0,0.09
VAL_EQUIP_ADIC,float64,8,0.01,False,0.0,0.0,0.0,3.0,7.0,0,96.2
VAL_DECO_BAS,float64,3,0.01,False,0.0,0.0,2.0,2.0,2.0,0,8.08
VAL_MODEM_BAS,float64,2,0.01,False,0.0,1.0,1.0,1.0,1.0,0,0.19
VAL_UW,int64,5,0.0,False,0.0,0.0,0.0,2.0,4.0,0,97.88
VAL_DIAS_PAGO,float64,115,0.1,False,-1158.0,-24.210000000000008,13.0,28.0,45.0,1272,0.39
VAL_RENTA_ACTUAL,float64,8456,0.0,False,0.0,39194.6,94841.0,167666.3399999998,319344.0,0,0.52
VAL_SALDO_ACTUAL,float64,4717,0.0,False,-2887532.0,-95362.62,0.0,143038.46999999977,794355.0,3273,67.59
VAL_RENTA_M6,float64,9512,0.0,False,0.0,0.0,99900.0,183927.18999999997,326937.0,0,2.34
VAL_VAR_RENTA,float64,6820,0.0,False,-100.0,-53.0008,-2.1,56.62029999999995,2771.67,10942,12.88
BAN_MORA_30,int64,2,0.0,False,0.0,0.0,0.0,1.0,1.0,0,98.97
BAN_DESPOSICIONADO_COMPETENCIA,int64,1,0.0,True,0.0,0.0,0.0,0.0,0.0,0,100.0
BAN_DESPOSICIONADO_COMERCIAL,int64,1,0.0,True,0.0,0.0,0.0,0.0,0.0,0,100.0
BAN_DESPOSICIONADO_TENOLOGICO,int64,1,0.0,True,0.0,0.0,0.0,0.0,0.0,0,100.0
BAN_SUSPENCION_COBRANZA,int64,1,0.0,True,0.0,0.0,0.0,0.0,0.0,0,100.0
BAN_MIGRACION_ZONA,int64,1,0.0,True,0.0,0.0,0.0,0.0,0.0,0,100.0
BAN_TRASLADO,int64,2,0.0,False,0.0,0.0,0.0,1.0,1.0,0,98.91
BAN_CHURN,int64,2,0.0,False,0.0,0.0,0.0,0.0,1.0,0,99.48
VAL_SS_BCART,int64,1,0.0,True,0.0,0.0,0.0,0.0,0.0,0,100.0
BAN_COMPRA_SRV,int64,2,0.0,False,0.0,0.0,0.0,0.0,1.0,0,99.39
VAL_FRECUENCIA_COMPRA,float64,15,0.0,False,0.0,0.0,0.0,0.58,1.17,0,69.37
VAL_SCORE_CREDITICIO,float64,19290,1.07,False,399.55,656212.36,9475872.0,95874537.96,124377815.0,0,0.0
VAL_RENTA_BSC_IVA,float64,7636,0.47,False,-22542.0,31122.88,81862.0,136097.95999999996,204896.0,7,0.65
VAL_RENTA_ADIC_IVA,float64,4617,0.47,False,-11720.0,0.0,11900.0,69795.95999999999,215344.0,157,4.9
BAN_CAMPANA_ACTIVA,int64,2,0.0,False,0.0,0.0,0.0,1.0,1.0,0,81.51
VAL_CAMPANA,int64,6,0.0,False,0.0,0.0,0.0,2.0,5.0,0,75.22
BAN_CAMPANA_VENTA,int64,2,0.0,False,0.0,0.0,0.0,1.0,1.0,0,85.61
BAN_CAMPANA_RETENCION,int64,2,0.0,False,0.0,0.0,1.0,1.0,1.0,0,22.26
BAN_CAMPANA_CORRECTIVA,int64,2,0.0,False,0.0,0.0,0.0,0.0,1.0,0,99.75
VAL_CAMPANA_RETENCION_36M,int64,2,0.0,False,0.0,0.0,1.0,1.0,1.0,0,22.26
VAL_OFER_ANTERIORES,int64,2,0.0,False,0.0,0.0,1.0,1.0,1.0,0,33.32
BAN_CAZA_OFERTA,int64,2,0.0,False,0.0,0.0,0.0,1.0,1.0,0,95.17
BAN_INTENCION_CANCELACION,int64,2,0.0,False,0.0,0.0,0.0,1.0,1.0,0,80.09
BAN_RETENCION_ACTIVA,int64,2,0.0,False,0.0,0.0,1.0,1.0,1.0,0,8.06
CANTIDAD_INTENCIONES,int64,12,0.0,False,0.0,0.0,1.0,5.0,12.0,0,3.36
BAN_REINCIDENTE_30,int64,2,0.0,False,0.0,0.0,0.0,1.0,1.0,0,80.9
BAN_REINCIDENTE_60,int64,2,0.0,False,0.0,0.0,0.0,1.0,1.0,0,70.77
BAN_OT_CERRADAS_DX,int64,2,0.0,False,0.0,0.0,0.0,1.0,1.0,0,94.27
VAL_SUM_VAL_DATOS_MOVIL_MB,float64,12998,0.0,False,0.0,0.0,4393.21,93356.93059999996,3058647.36,0,32.97
VAL_SUM_VAL_MINUTOS_VOZ,int64,2435,0.0,False,0.0,0.0,193.0,3205.019999999997,214104.0,0,32.02
VAL_SUM_VAL_SMS_ENVIADOS,int64,137,0.0,False,0.0,0.0,1.0,51.0,4433.0,0,41.95
VAL_SUM_BAN_DUAL_SIM,int64,7,0.0,False,0.0,0.0,0.0,1.0,58.0,0,94.31
VAL_SUM_BAN_5G,int64,8,0.0,False,0.0,0.0,0.0,2.0,44.0,0,66.77
VAL_SUM_BAN_ROAMING,int64,2,0.0,False,0.0,0.0,0.0,0.0,1.0,0,100.0
VAL_SUM_VAL_USO_CAT_APPS_PREFERIDAS,int64,1754,0.0,False,0.0,0.0,354.0,1816.0099999999984,200734.0,0,32.2
VAL_SUM_VAL_USO_REDES_SOCIALES,int64,1512,0.0,False,0.0,0.0,80.0,1576.0599999999904,171996.0,0,33.34
VAL_NUM_LINEAS_POSTPAGO,int64,10,0.0,False,0.0,0.0,1.0,3.0,9.0,0,43.96
VAL_NUM_LINEAS_PREPAGO,int64,25,0.0,False,0.0,0.0,0.0,3.0,437.0,0,74.3
VAL_NUM_LINEAS_MASIVO,int64,27,0.0,False,0.0,0.0,1.0,4.0,224.0,0,31.32
VAL_NUM_LINEAS_EMPRESARIAL,int64,9,0.0,False,0.0,0.0,0.0,1.0,213.0,0,98.4
VAL_NUM_LINEAS_4G,int64,15,0.0,False,0.0,0.0,0.0,3.0,294.0,0,56.08
VAL_NUM_LINEAS_5G,int64,8,0.0,False,0.0,0.0,0.0,2.0,44.0,0,66.77
VAL_SUM_BAN_TECNICO_30,int64,21,0.0,False,0.0,0.0,0.0,6.0,25.0,0,88.17
VAL_DOWNTIME,float64,2041,0.0,False,-1060.0,0.0,0.0,9725.299999999952,29349.0,8,87.76
VAL_RECLAMOS_MES,float64,25,0.0,False,0.0,0.0,0.0,9.0,25.0,0,62.38
VAL_TICKETS_MES,float64,10,0.0,False,0.0,0.0,0.0,2.0,10.0,0,92.59
VAL_LLAMADAS_MES_CALLCENTER,float64,1,0.0,True,0.0,0.0,0.0,0.0,0.0,0,100.0
VAL_LLAM_ADTIVAS_NEUTRAS,float64,24,0.0,False,0.0,0.0,0.0,12.0,56.0,0,78.64
VAL_LLAM_TEC_NEUTRAS,float64,9,0.0,False,0.0,0.0,0.0,4.0,20.0,0,96.6
VAL_LLAM_ADTIVAS_NEGATIVAS,float64,8,0.0,False,0.0,0.0,0.0,4.0,14.0,0,87.56
VAL_LLAM_TEC_NEGATIVAS,float64,12,0.0,False,0.0,0.0,0.0,6.0,28.0,0,85.36
VAL_PENETRACION_NODO,float64,0,100.0,True,,,,,,0,
VAL_DENSIDAD_ZONA,int64,551,0.0,False,1.0,6.0,134.0,541.0299999999952,2919.0,0,0.0
VAL_CHURN_ZONA,float64,0,100.0,True,,,,,,0,
BAN_DESPOSICIONADO_NODO,int64,1,0.0,True,0.0,0.0,0.0,0.0,0.0,0,100.0
CONVERGENTE_CEDULA_SI,int64,2,0.0,False,0.0,0.0,1.0,1.0,1.0,0,40.84
ESTRATO_1,int64,2,0.0,False,0.0,0.0,0.0,1.0,1.0,0,93.98
ESTRATO_2,int64,2,0.0,False,0.0,0.0,0.0,1.0,1.0,0,58.05
ESTRATO_3,int64,2,0.0,False,0.0,0.0,0.0,1.0,1.0,0,62.3
ESTRATO_4,int64,2,0.0,False,0.0,0.0,0.0,1.0,1.0,0,87.81
ESTRATO_5,int64,2,0.0,False,0.0,0.0,0.0,0.0,1.0,0,99.61
ESTRATO_6,int64,2,0.0,False,0.0,0.0,0.0,1.0,1.0,0,98.28
ESTRATO_OTRO_NA,int64,2,0.0,False,0.0,0.0,0.0,0.0,1.0,0,99.97
TIPO_CLIENTE_NUEVO,int64,2,0.0,False,0.0,0.0,0.0,0.0,1.0,0,99.81
ESTADO_FUENTE_A,int64,2,0.0,False,0.0,1.0,1.0,1.0,1.0,0,0.8
ESTADO_FUENTE_C,int64,2,0.0,False,0.0,0.0,0.0,0.0,1.0,0,99.48
ESTADO_FUENTE_MAS,int64,2,0.0,False,0.0,0.0,0.0,0.0,1.0,0,99.83
ESTADO_FUENTE_MENOS,int64,2,0.0,False,0.0,0.0,0.0,0.0,1.0,0,99.89
TIPO_RED_BI,int64,2,0.0,False,0.0,0.0,1.0,1.0,1.0,0,25.75
TIPO_RED_FTT,int64,2,0.0,False,0.0,0.0,0.0,1.0,1.0,0,74.34
TIPO_RED_DTH,int64,2,0.0,False,0.0,0.0,0.0,0.0,1.0,0,99.95
TIPO_RED_OTRO,int64,2,0.0,False,0.0,0.0,0.0,0.0,1.0,0,99.96
TIPO_TV_DIGITAL_PI,int64,2,0.0,False,0.0,0.0,0.0,0.0,1.0,0,99.54
TIPO_TV_DIGITAL_P,int64,2,0.0,False,0.0,0.0,0.0,1.0,1.0,0,71.14
TIPO_TV_DIGITAL_BI,int64,2,0.0,False,0.0,0.0,0.0,0.0,1.0,0,99.94
TIPO_TV_CLAROTV_B,int64,1,0.0,True,0.0,0.0,0.0,0.0,0.0,0,100.0
TIPO_TV_DIGITAL_B,int64,2,0.0,False,0.0,0.0,0.0,0.0,1.0,0,100.0
TIPO_TV_SATELITAL_A,int64,2,0.0,False,0.0,0.0,0.0,0.0,1.0,0,99.98
TIPO_TV_SATELITAL_B,int64,2,0.0,False,0.0,0.0,0.0,0.0,1.0,0,100.0
TIPO_TV_DIGITAL_S,int64,2,0.0,False,0.0,0.0,0.0,1.0,1.0,0,97.94
TIPO_TV_CLAROTV_PI,int64,1,0.0,True,0.0,0.0,0.0,0.0,0.0,0,100.0
TIPO_TV_DIGITAL_A,int64,2,0.0,False,0.0,0.0,0.0,0.0,1.0,0,99.71
TIPO_TV_SATELITAL_S,int64,1,0.0,True,0.0,0.0,0.0,0.0,0.0,0,100.0
TIPO_TV_DIGITAL_NA,int64,2,0.0,False,0.0,0.0,0.0,0.0,1.0,0,99.98
TIPO_TV_BASICOTV,int64,1,0.0,True,0.0,0.0,0.0,0.0,0.0,0,100.0
MOTIVO_LLAM_INFO_GRAL,int64,2,0.0,False,0.0,0.0,0.0,1.0,1.0,0,92.88
MOTIVO_LLAM_CANCELA,int64,2,0.0,False,0.0,0.0,0.0,1.0,1.0,0,88.9
MOTIVO_LLAM_NOV_ADMIN,int64,2,0.0,False,0.0,0.0,0.0,1.0,1.0,0,93.72
MOTIVO_LLAM_NOV_TEC,int64,2,0.0,False,0.0,0.0,0.0,1.0,1.0,0,91.23
MOTIVO_LLAM_SOPORTE_TEC,int64,2,0.0,False,0.0,0.0,0.0,1.0,1.0,0,98.0
MOTIVO_LLAM_OTRO,int64,2,0.0,False,0.0,0.0,0.0,1.0,1.0,0,98.95
CLASIF_OKK_IGUALCONDICION,int64,2,0.0,False,0.0,0.0,0.0,1.0,1.0,0,86.69
CLASIF_OKK_MEJORCOMP,int64,2,0.0,False,0.0,0.0,0.0,1.0,1.0,0,50.18
CLASIF_OKK_ALTACOMP,int64,2,0.0,False,0.0,0.0,0.0,1.0,1.0,0,78.43
CLASIF_OKK_SOMOSUNICOS,int64,2,0.0,False,0.0,0.0,0.0,0.0,1.0,0,99.23
CLASIF_OKK_SOMOSMEJORES,int64,2,0.0,False,0.0,0.0,0.0,1.0,1.0,0,96.66
SEGMENTO_RE,int64,2,0.0,False,0.0,1.0,1.0,1.0,1.0,0,0.01
SEGMENTO_PY,int64,2,0.0,False,0.0,0.0,0.0,0.0,1.0,0,99.98
