variable,shap_medio,shap_sd,folds_en_top15,direccion
VAL_RECLAMOS_MES,1.015551213858775,0.1519669609743343,5,sube el riesgo
VELOCIDAD_INTERNET_MBPS,0.8088185788869412,0.06367610159291728,5,baja el riesgo
BAN_INTENCION_CANCELACION,0.7821953614725775,0.07675095369515905,5,sube el riesgo
VAL_RENTA_ACTUAL,0.4915289847573929,0.1353355157415274,5,sube el riesgo
CANTIDAD_INTENCIONES,0.35267013681611026,0.11623611000519031,5,sube el riesgo
VAL_RENTA_BSC_IVA,0.3504198087130976,0.07689689311303946,5,baja el riesgo
VAL_SUM_VAL_MINUTOS_VOZ,0.34321943044859893,0.06939761241462129,5,baja el riesgo
VAL_LLAM_ADTIVAS_NEGATIVAS,0.3113042062772052,0.07907239230535613,5,sube el riesgo
VAL_EQUIP_ADIC,0.3020867243661506,0.09950514316130019,4,sube el riesgo
BAN_REINCIDENTE_60,0.2655598608801585,0.1098982414528874,3,baja el riesgo
VAL_VAR_RENTA,0.2568947191756947,0.04211962978135238,5,sube el riesgo
VAL_DENSIDAD_ZONA,0.2300568523155147,0.08589746949766165,3,baja el riesgo
VAL_DOWNTIME,0.22964890853975267,0.07483281860099024,3,baja el riesgo
ANTIGUEDAD_MESES,0.22566493399178453,0.060081704342868684,2,baja el riesgo
VAL_RENTA_ADIC_IVA,0.21012965021347868,0.055154103786979325,2,baja el riesgo
BAN_REINCIDENTE_30,0.1924076928465847,0.04213587807209465,3,baja el riesgo
SCORE_CREDITICIO_FIX,0.1769414860654411,0.06047296572999944,2,sube el riesgo
VAL_SUM_VAL_USO_REDES_SOCIALES,0.1731732016620332,0.03947288561057891,2,baja el riesgo
VAL_FRECUENCIA_COMPRA,0.15476138422888755,0.050218129216089966,2,baja el riesgo
VAL_EQUIP_BAS,0.14276765357328994,0.04658245495107889,1,sube el riesgo
VAL_LLAM_ADTIVAS_NEUTRAS,0.1418562237858228,0.04683747949038524,1,sube el riesgo
VAL_TICKETS_MES,0.12001314177538207,0.04005934127490784,0,baja el riesgo
BAN_OT_CERRADAS_DX,0.11962852153421533,0.02101535797514881,0,baja el riesgo
VAL_SUM_VAL_USO_CAT_APPS_PREFERIDAS,0.11450626837930582,0.05644739286051876,1,baja el riesgo
VAL_RENTA_M6,0.10960841239542267,0.03501198577998095,0,sube el riesgo
VAL_DIAS_PAGO,0.10215005072052923,0.04153050590289711,0,sube el riesgo
VAL_SUM_VAL_SMS_ENVIADOS,0.08314282625036934,0.032017015538782126,0,baja el riesgo
MOTIVO_LLAM_INFO_GRAL,0.08058467545882195,0.036969060615996696,0,baja el riesgo
VAL_SUM_VAL_DATOS_MOVIL_MB,0.07970294697486655,0.04609314623271758,0,baja el riesgo
ESTRATO_2,0.07411927083226402,0.05574564922700118,0,baja el riesgo
CANT_SRV_ADIC,0.07369163200678894,0.023003353310415645,0,sube el riesgo
ESTRATO,0.06840557463545116,0.04024344777301973,0,sube el riesgo
VAL_NUM_LINEAS_PREPAGO,0.05770192013898945,0.08319399968592732,1,baja el riesgo
BAN_HBO,0.056748959892684046,0.03504254669377099,0,sube el riesgo
VAL_DECO_BAS,0.052889202683438455,0.025818850696229897,0,sube el riesgo
BAN_CAZA_OFERTA,0.05051708971298892,0.011068068801920483,0,baja el riesgo
TIPO_RED_FTT,0.03978096832513406,0.051219301827032625,0,sube el riesgo
VAL_LLAM_TEC_NEGATIVAS,0.03925705556539173,0.033166591649676135,0,baja el riesgo
MOTIVO_LLAM_CANCELA,0.03752375575545548,0.01741597966407916,0,sube el riesgo
VAL_NUM_LINEAS_MASIVO,0.03326113384660191,0.036183984132533514,0,baja el riesgo
VAL_SUM_BAN_5G,0.03192037235732935,0.04369232321273862,0,baja el riesgo
VAL_UW,0.03134602039643415,0.03848413167039926,0,sube el riesgo
CONVERGENTE_CEDULA_SI,0.024997762248653726,0.02149540220155621,0,sube el riesgo
CANT_SRV_BSC,0.022727005852248676,0.025652977781345603,0,sube el riesgo
BAN_CAMPANA_VENTA,0.020992956834020672,0.014603748940638058,0,baja el riesgo
CLASIF_OKK_MEJORCOMP,0.01860601929905403,0.01632918070527403,0,mixta
ESTRATO_3,0.01778809643262031,0.012553748335931997,0,sube el riesgo
VAL_SUM_BAN_DUAL_SIM,0.014541551089264037,0.0169707391280858,0,sube el riesgo
TIPO_RED_BI,0.013728009703758185,0.025725736873282314,0,mixta
VAL_NUM_LINEAS_4G,0.013322886478351548,0.010248550808988868,0,baja el riesgo
BAN_NETFLIX,0.01276804400257089,0.014592154059238003,0,baja el riesgo
TIPO_TV_DIGITAL_P,0.011128802719826058,0.010569784852485484,0,baja el riesgo
VAL_SUM_BAN_TECNICO_30,0.010416814340686897,0.007206064609222255,0,sube el riesgo
CLASIF_OKK_ALTACOMP,0.009848223329315535,0.011992183618993032,0,baja el riesgo
ESTRATO_4,0.009830354701788998,0.010912970357620044,0,mixta
VAL_SRV_BSC,0.009030964229327153,0.007243991471779898,0,sube el riesgo
CLASIF_OKK_IGUALCONDICION,0.008131017854470521,0.008275640438336875,0,baja el riesgo
CLASIF_OKK_SOMOSMEJORES,0.0073549760319301894,0.004708700042222928,0,baja el riesgo
MOTIVO_LLAM_NOV_ADMIN,0.005347190944572102,0.0034480558293426104,0,baja el riesgo
BAN_TRES_MULTI,0.004731414954351403,0.004392361688829689,0,sube el riesgo
VAL_NUM_LINEAS_5G,0.003923385381036969,0.00621144356425333,0,mixta
BAN_WIN,0.003754778847752986,0.0034574614683093377,0,mixta
ESTRATO_1,0.003681973759349816,0.0015291192599039495,0,sube el riesgo
MOTIVO_LLAM_NOV_TEC,0.0032622201480862296,0.0030180923629854486,0,baja el riesgo
VAL_NUM_LINEAS_POSTPAGO,0.0025253640597063046,0.0024423943678790003,0,sube el riesgo
TIPO_TV_DIGITAL_S,0.00119330022677054,0.001541490894669615,0,sube el riesgo
BAN_TRASLADO,0.001061457414510285,0.001983099697951784,0,mixta
BAN_PRIME,0.000997689421840693,0.001110519050049537,0,mixta
VAL_LLAM_TEC_NEUTRAS,0.0009924058592173342,0.0016500274448044293,0,mixta
BAN_VOZ,0.0007889935268499615,0.0017642431598438196,0,mixta
ESTRATO_6,0.0005072926219102413,0.0008668749433206604,0,sube el riesgo
BAN_MORA_30,0.00033961315731998836,0.00046503447087785165,0,baja el riesgo
MOTIVO_LLAM_OTRO,6.394910757756835e-05,0.00014299455164388971,0,sube el riesgo
BAN_COMPRA_SRV,0.0,0.0,0,mixta
BAN_INTERNET,0.0,0.0,0,mixta
VAL_MODEM_BAS,0.0,0.0,0,mixta
BAN_DECO_ADI,0.0,0.0,0,mixta
BAN_TV,0.0,0.0,0,mixta
BAN_T_RES_SALUD,0.0,0.0,0,mixta
BAN_MULTI_PETS,0.0,0.0,0,mixta
BAN_MULTI_HOGAR,0.0,0.0,0,mixta
BAN_DISNEY,0.0,0.0,0,mixta
ESTRATO_5,0.0,0.0,0,mixta
VAL_NUM_LINEAS_EMPRESARIAL,0.0,0.0,0,mixta
VAL_SUM_BAN_ROAMING,0.0,0.0,0,mixta
TIPO_TV_DIGITAL_A,0.0,0.0,0,mixta
TIPO_TV_DIGITAL_B,0.0,0.0,0,mixta
ESTRATO_OTRO_NA,0.0,0.0,0,mixta
TIPO_RED_DTH,0.0,0.0,0,mixta
TIPO_RED_OTRO,0.0,0.0,0,mixta
TIPO_CLIENTE_NUEVO,0.0,0.0,0,mixta
TIPO_TV_DIGITAL_NA,0.0,0.0,0,mixta
TIPO_TV_SATELITAL_A,0.0,0.0,0,mixta
TIPO_TV_SATELITAL_B,0.0,0.0,0,mixta
CLASIF_OKK_SOMOSUNICOS,0.0,0.0,0,mixta
MOTIVO_LLAM_SOPORTE_TEC,0.0,0.0,0,mixta
SEGMENTO_RE,0.0,0.0,0,mixta
SEGMENTO_PY,0.0,0.0,0,mixta
