id_llamada,cluster,sugerencia_baseline,motivo_humano,submotivo_humano,urgencia_humana,sentimiento_humano_-1_0_1,notas
53,1,atencion_servicio,,,,,
34,2,traslado_cobertura,,,,,
31,3,precio_facturacion,,,,,
35,3,precio_facturacion,,,,,
44,3,traslado_cobertura,,,,,
51,3,atencion_servicio,,,,,
54,3,falla_tecnica,,,,,
56,3,atencion_servicio,,,,,
59,3,precio_facturacion,,,,,
64,3,precio_facturacion,,,,,
67,3,otro,,,,,
70,3,precio_facturacion,,,,,
84,3,otro,,,,,
103,3,precio_facturacion,,,,,
117,3,otro,,,,,
135,3,falla_tecnica,,,,,
145,3,precio_facturacion,,,,,
157,3,precio_facturacion,,,,,
169,3,precio_facturacion,,,,,
177,3,falla_tecnica,,,,,
189,3,precio_facturacion,,,,,
193,3,servicios_no_usados,,,,,
236,3,otro,,,,,
238,3,falla_tecnica,,,,,
257,3,otro,,,,,
266,3,precio_facturacion,,,,,
328,3,falla_tecnica,,,,,
333,3,precio_facturacion,,,,,
335,3,falla_tecnica,,,,,
361,3,precio_facturacion,,,,,
369,3,traslado_cobertura,,,,,
371,3,otro,,,,,
376,3,precio_facturacion,,,,,
385,3,precio_facturacion,,,,,
391,3,precio_facturacion,,,,,
394,3,precio_facturacion,,,,,
400,3,otro,,,,,
423,3,traslado_cobertura,,,,,
425,3,precio_facturacion,,,,,
440,3,competencia,,,,,
444,3,otro,,,,,
478,3,precio_facturacion,,,,,
113,6,traslado_cobertura,,,,,
194,6,precio_facturacion,,,,,
313,6,precio_facturacion,,,,,
321,6,servicios_no_usados,,,,,
417,6,atencion_servicio,,,,,
435,6,precio_facturacion,,,,,
40,7,otro,,,,,
217,7,falla_tecnica,,,,,
